batch,position,horse
1,1,WAYSONG
1,2,DIRECT ACTION
1,3,JUNGLE WISE
1,4,GO FOR IT
1,5,RAQI
1,6,SPOTSWOOD
1,7,JAMES ANTHONY
1,8,ARIZONA STORM
2,1,MIDNIGHT EMPRESS
2,2,ROSILIANE
2,3,CELINE DEE
2,4,MAGNA VICTORIA
2,5,ATHENIAN LEGACY
2,6,INVERARY
2,7,MY NATION
2,8,ANZARAVA
3,1,GOLDEN ALIBI
3,2,CATUAI
3,3,VALUE PENDING
3,4,MOONLIT HAVANA
3,5,SHE'S COUL
3,6,KATHY M
3,7,SELF DISCOVERY
3,8,HANNAHS FIRE
4,1,CONDADO
4,2,TSALI
4,3,FARMERSPOLISH
4,4,JACOB B GOOD
4,5,ISLAND BLOOM
4,6,A LOVELY MANOEUVRE
4,7,TORIBAY
4,8,CLOUGHAN OF ARABIA
4,9,MEDICINE MAN
4,10,IN SEQUENCE
5,1,ALL TALK
5,2,SEARRACH
5,3,COURTIER
5,4,FLOATING ON AIR
5,5,FAKE NEWS
5,6,TOO TOO MUCH
5,7,BULL MARKET
5,8,ORCHARD PROMISE
5,9,FRANZ BOAS
6,1,WHYTEMONTELLA
6,2,BATTLE TESTED
6,3,ROSSLARE CHURCH
6,4,SAM SPIRIT
6,5,ASALA
6,6,KNIGHTLIGHT
6,7,LAKE HAVASU
6,N/R,SIGNATURE LOOK
7,1,LEAP OF LIGHT
7,2,NATIONAL DEBATE
7,3,SWEET DISPOSITION
7,4,SOLAR PALACE
7,5,ALWAYS BE MINE
7,6,EAGLES VOICE
7,N/R,VIOLET DOVE
8,1,OCEAN PHOENIX
8,2,BIG BESSY
8,3,LADY CHANCALOT
8,4,MARY DOLL
8,5,REAMS OF GOLD
8,6,SORRENTO BAY
8,7,TINSHONA
8,8,WESAYGRACE
9,1,FLAMBE FLEUR
9,2,SHIZUOKA
9,3,EMMAS GLORY
9,4,WHIPTAIL
9,5,SOMETHINGABOUTLOVE
9,6,CALL ME GORGEOUS
9,7,TODAY TODAY
9,N/R,MOTHER'S CALL
10,1,STELLA BIANCA
10,2,TUDOR FLAME
10,3,TORISTAR
10,4,SAAEQ
10,5,GRISELINIA
10,6,PERPETUAL QUEST
10,N/R,CONRAD
